{
    "00000001.jpg": [
        [
            92.9255,
            172.76799999999997
        ],
        [
            103.48949999999996,
            162.714
        ],
        [
            119.8485,
            147.57099999999997
        ],
        [
            132.2715,
            134.13799999999998
        ],
        [
            144.39849999999996,
            124.83999999999997
        ],
        [
            118.15949999999992,
            121.983
        ],
        [
            128.74049999999994,
            99.71499999999997
        ],
        [
            136.94149999999996,
            85.618
        ],
        [
            144.63049999999993,
            73.06400000000002
        ],
        [
            110.80749999999995,
            119.45799999999997
        ],
        [
            120.55749999999995,
            94.75999999999999
        ],
        [
            127.71749999999992,
            79.118
        ],
        [
            133.58049999999997,
            64.78800000000001
        ],
        [
            103.3435,
            120.78199999999998
        ],
        [
            112.48849999999999,
            98.28500000000003
        ],
        [
            118.42249999999996,
            84.85699999999997
        ],
        [
            124.37449999999995,
            71.78899999999999
        ],
        [
            94.05349999999993,
            125.31900000000002
        ],
        [
            97.7955,
            107.01400000000001
        ],
        [
            100.05450000000002,
            97.19400000000002
        ],
        [
            103.08850000000001,
            87.56
        ]
    ],
    "00000009.jpg": [
        [
            92.90170000000006,
            172.07520000000005
        ],
        [
            108.00470000000001,
            160.71120000000002
        ],
        [
            126.7937,
            145.39320000000004
        ],
        [
            145.19670000000002,
            137.83720000000005
        ],
        [
            162.14870000000002,
            134.93620000000004
        ],
        [
            115.3227,
            119.45820000000003
        ],
        [
            126.65370000000001,
            98.59220000000005
        ],
        [
            133.9437000000001,
            86.14120000000003
        ],
        [
            139.62870000000004,
            75.59220000000005
        ],
        [
            101.79770000000002,
            115.89720000000005
        ],
        [
            108.01270000000005,
            92.32620000000003
        ],
        [
            111.46570000000003,
            77.69520000000006
        ],
        [
            114.10370000000006,
            64.52820000000003
        ],
        [
            89.99270000000007,
            116.98920000000004
        ],
        [
            93.44470000000007,
            95.47320000000002
        ],
        [
            96.12670000000008,
            82.98320000000001
        ],
        [
            98.67070000000007,
            71.27220000000005
        ],
        [
            77.59970000000004,
            121.35720000000003
        ],
        [
            75.95070000000004,
            103.6902
        ],
        [
            75.06970000000007,
            94.40420000000006
        ],
        [
            74.45470000000006,
            85.51620000000003
        ]
    ]
}